[
  {
    "timestamp": "2025-09-20 13:25:00",
    "experiment": "MNIST_SGD_trial_1",
    "status": "completed",
    "escape_time_ratio": 0.002447321586837059
  },
  {
    "timestamp": "2025-09-20 13:25:00",
    "experiment": "MNIST_SGD_trial_2",
    "status": "completed",
    "escape_time_ratio": 0.0023258491325555434
  },
  {
    "timestamp": "2025-09-20 13:25:00",
    "experiment": "MNIST_SGD_Momentum_trial_1",
    "status": "completed",
    "escape_time_ratio": 0.005092287594583448
  },
  {
    "timestamp": "2025-09-20 13:25:00",
    "experiment": "MNIST_SGD_Momentum_trial_2",
    "status": "completed",
    "escape_time_ratio": 0.003099709742254582
  },
  {
    "timestamp": "2025-09-20 13:25:00",
    "experiment": "MNIST_Adam_trial_1",
    "status": "completed",
    "escape_time_ratio": 0.003189515463977083
  },
  {
    "timestamp": "2025-09-20 13:25:00",
    "experiment": "MNIST_Adam_trial_2",
    "status": "completed",
    "escape_time_ratio": 0.002956465678662211
  },
  {
    "timestamp": "2025-09-20 13:25:00",
    "experiment": "MNIST_RMSprop_trial_1",
    "status": "completed",
    "escape_time_ratio": 0.002912558384519245
  },
  {
    "timestamp": "2025-09-20 13:25:00",
    "experiment": "MNIST_RMSprop_trial_2",
    "status": "completed",
    "escape_time_ratio": 0.0039470088475905595
  },
  {
    "timestamp": "2025-09-20 13:25:00",
    "experiment": "MNIST_Adagrad_trial_1",
    "status": "completed",
    "escape_time_ratio": 0.0025462718834625983
  },
  {
    "timestamp": "2025-09-20 13:25:00",
    "experiment": "MNIST_Adagrad_trial_2",
    "status": "completed",
    "escape_time_ratio": 0.0029241234853586554
  },
  {
    "timestamp": "2025-09-20 13:25:00",
    "experiment": "CIFAR-10_SGD_trial_1",
    "status": "completed",
    "escape_time_ratio": 0.0014012065830712713
  },
  {
    "timestamp": "2025-09-20 13:25:00",
    "experiment": "CIFAR-10_SGD_trial_2",
    "status": "completed",
    "escape_time_ratio": 0.0013370027246014588
  },
  {
    "timestamp": "2025-09-20 13:25:00",
    "experiment": "CIFAR-10_SGD_Momentum_trial_1",
    "status": "completed",
    "escape_time_ratio": 0.002418953803459394
  },
  {
    "timestamp": "2025-09-20 13:25:00",
    "experiment": "CIFAR-10_SGD_Momentum_trial_2",
    "status": "completed",
    "escape_time_ratio": 0.0020069103316005103
  },
  {
    "timestamp": "2025-09-20 13:25:00",
    "experiment": "CIFAR-10_Adam_trial_1",
    "status": "completed",
    "escape_time_ratio": 0.001731038743245185
  },
  {
    "timestamp": "2025-09-20 13:25:00",
    "experiment": "CIFAR-10_Adam_trial_2",
    "status": "completed",
    "escape_time_ratio": 0.002670204283133123
  },
  {
    "timestamp": "2025-09-20 13:25:00",
    "experiment": "CIFAR-10_RMSprop_trial_1",
    "status": "completed",
    "escape_time_ratio": 0.0031474742447703884
  },
  {
    "timestamp": "2025-09-20 13:25:00",
    "experiment": "CIFAR-10_RMSprop_trial_2",
    "status": "completed",
    "escape_time_ratio": 0.0032333970292878146
  },
  {
    "timestamp": "2025-09-20 13:25:00",
    "experiment": "CIFAR-10_Adagrad_trial_1",
    "status": "completed",
    "escape_time_ratio": 0.0013730544551487014
  },
  {
    "timestamp": "2025-09-20 13:25:00",
    "experiment": "CIFAR-10_Adagrad_trial_2",
    "status": "completed",
    "escape_time_ratio": 0.0025508975176386085
  },
  {
    "timestamp": "2025-09-20 13:25:00",
    "experiment": "Iris_SGD_trial_1",
    "status": "completed",
    "escape_time_ratio": 0.022021142480664533
  },
  {
    "timestamp": "2025-09-20 13:25:00",
    "experiment": "Iris_SGD_trial_2",
    "status": "completed",
    "escape_time_ratio": 0.01498297705750118
  },
  {
    "timestamp": "2025-09-20 13:25:00",
    "experiment": "Iris_SGD_Momentum_trial_1",
    "status": "completed",
    "escape_time_ratio": 0.029211110465658635
  },
  {
    "timestamp": "2025-09-20 13:25:00",
    "experiment": "Iris_SGD_Momentum_trial_2",
    "status": "completed",
    "escape_time_ratio": 0.022290212393081425
  },
  {
    "timestamp": "2025-09-20 13:25:00",
    "experiment": "Iris_Adam_trial_1",
    "status": "completed",
    "escape_time_ratio": 0.03210513067196405
  },
  {
    "timestamp": "2025-09-20 13:25:00",
    "experiment": "Iris_Adam_trial_2",
    "status": "completed",
    "escape_time_ratio": 0.02291313182395147
  },
  {
    "timestamp": "2025-09-20 13:25:00",
    "experiment": "Iris_RMSprop_trial_1",
    "status": "completed",
    "escape_time_ratio": 0.030531120679945623
  },
  {
    "timestamp": "2025-09-20 13:25:00",
    "experiment": "Iris_RMSprop_trial_2",
    "status": "completed",
    "escape_time_ratio": 0.024932113135064174
  },
  {
    "timestamp": "2025-09-20 13:25:00",
    "experiment": "Iris_Adagrad_trial_1",
    "status": "completed",
    "escape_time_ratio": 0.025634167169914387
  },
  {
    "timestamp": "2025-09-20 13:25:00",
    "experiment": "Iris_Adagrad_trial_2",
    "status": "completed",
    "escape_time_ratio": 0.02236849564447351
  },
  {
    "timestamp": "2025-09-20 13:25:00",
    "experiment": "Wine_SGD_trial_1",
    "status": "completed",
    "escape_time_ratio": 0.02241296237254508
  },
  {
    "timestamp": "2025-09-20 13:25:00",
    "experiment": "Wine_SGD_trial_2",
    "status": "completed",
    "escape_time_ratio": 0.009028074072258734
  },
  {
    "timestamp": "2025-09-20 13:25:00",
    "experiment": "Wine_SGD_Momentum_trial_1",
    "status": "completed",
    "escape_time_ratio": 0.021151167788390608
  },
  {
    "timestamp": "2025-09-20 13:25:00",
    "experiment": "Wine_SGD_Momentum_trial_2",
    "status": "completed",
    "escape_time_ratio": 0.021528243140741685
  },
  {
    "timestamp": "2025-09-20 13:25:00",
    "experiment": "Wine_Adam_trial_1",
    "status": "completed",
    "escape_time_ratio": 0.023708050476508508
  },
  {
    "timestamp": "2025-09-20 13:25:00",
    "experiment": "Wine_Adam_trial_2",
    "status": "completed",
    "escape_time_ratio": 0.025115774543995793
  },
  {
    "timestamp": "2025-09-20 13:25:00",
    "experiment": "Wine_RMSprop_trial_1",
    "status": "completed",
    "escape_time_ratio": 0.021227526917488342
  },
  {
    "timestamp": "2025-09-20 13:25:00",
    "experiment": "Wine_RMSprop_trial_2",
    "status": "completed",
    "escape_time_ratio": 0.02129609515032588
  },
  {
    "timestamp": "2025-09-20 13:25:00",
    "experiment": "Wine_Adagrad_trial_1",
    "status": "completed",
    "escape_time_ratio": 0.020272649707430708
  },
  {
    "timestamp": "2025-09-20 13:25:00",
    "experiment": "Wine_Adagrad_trial_2",
    "status": "completed",
    "escape_time_ratio": 0.014759069137409144
  }
]